,Audio Capture Time,FFT Time,Pattern Detection Time,FFT Filtering Time,Equalization Time,Normalization Time,LED Matrix Transform Time,Serial Write Time,Total Processing Time
mean,0.006433333333333332,0.23501333333333332,0.15201333333333336,0.22178,0.13206666666666667,0.11871333333333335,0.11146000000000002,0.31935333333333327,1.2968333333333333
max,0.011,0.393,0.2346,0.2985,0.2734,0.1827,0.1575,0.6083,1.843
min,0.0049,0.1814,0.106,0.1556,0.0869,0.0878,0.0867,0.2388,0.9773
