,Audio Capture Time,FFT Time,Pattern Detection Time,FFT Filtering Time,Equalization Time,Normalization Time,LED Matrix Transform Time,Serial Write Time,Total Processing Time
mean,0.00981,0.32913000000000003,0.21086999999999997,0.23235999999999998,0.13017,0.13157000000000002,0.13014,0.31048000000000003,1.48453
min,0.0053,0.1857,0.1182,0.1556,0.0917,0.095,0.0878,0.2449,1.0513
max,0.0209,0.6201,0.3573,0.2967,0.1715,0.19,0.2042,0.4117,2.1148
